fayl_adi,width_px,height_px,viewBox
add.svg,24,24,0 0 24 24
archive-add.svg,24,24,0 0 24 24
arrow-3.svg,20,20,0 0 20 20
arrow-down.svg,18,9,0 0 18 9
arrow-left-1.svg,19,14,0 0 19 14
arrow-left.svg,9,18,0 0 9 18
arrow-right-1.svg,24,24,0 0 24 24
arrow-right.svg,9,18,0 0 9 18
arrow-up.svg,18,9,0 0 18 9
buliding.svg,22,22,0 0 22 22
calendar-1.svg,24,24,0 0 24 24
calendar.svg,20,22,0 0 20 22
call-calling.svg,22,22,0 0 22 22
card.svg,22,19,0 0 22 19
clock-1.svg,24,24,0 0 24 24
clock.svg,22,22,0 0 22 22
discount-shape.svg,22,22,0 0 22 22
dislike.svg,21,21,0 0 21 21
edit.svg,22,22,0 0 22 22
eye-slash.svg,22,22,0 0 22 22
eye.svg,22,19,0 0 22 19
filter.svg,19,22,0 0 19 22
heart-1.svg,22,20,0 0 22 20
heart-2.svg,22,20,0 0 22 20
heart.svg,22,20,0 0 22 20
home-2.svg,22,22,0 0 22 22
info-circle.svg,22,22,0 0 22 22
like.svg,21,21,0 0 21 21
location.svg,19,22,0 0 19 22
logout.svg,21,21,0 0 21 21
messages-2.svg,22,22,0 0 22 22
minus.svg,24,24,0 0 24 24
notification-circle.svg,24,24,0 0 24 24
rotate-left.svg,19,22,0 0 19 22
row-vertical.svg,22,22,0 0 22 22
scanner-1.svg,22,22,0 0 22 22
scanner.svg,22,22,0 0 22 22
search-normal.svg,22,22,0 0 22 22
send.svg,20,20,0 0 20 20
setting-2.svg,22,21,0 0 22 21
shopping-cart.svg,24,24,0 0 24 24
star.svg,14,14,0 0 14 14
timer.svg,19,22,0 0 19 22
trash.svg,20,22,0 0 20 22
user.svg,19,22,0 0 19 22
volume-high.svg,24,24,0 0 24 24
wallet-2.svg,22,19,0 0 22 19
